status,path,old_path,category
"M",".gitignore","","OTHER"
"A","docs/product-audit-v2/01-functional-audit-overview.md","","DOCUMENTATION"
"A","docs/product-audit-v2/02-priority-backlog.md","","DOCUMENTATION"
"A","docs/product-audit-v2/03-cycle-01-core-ui-text-loading.md","","DOCUMENTATION"
"A","docs/product-audit-v2/04-cycle-02-mobile-core-layout.md","","DOCUMENTATION"
"A","docs/product-audit-v2/05-cycle-03-routing-modal-empty-states.md","","DOCUMENTATION"
"A","docs/product-audit-v2/06-cycle-04-action-feedback-errors-context.md","","DOCUMENTATION"
"A","docs/product-audit-v2/07-final-closeout.md","","DOCUMENTATION"
"A","docs/product-roadmap-v3/01-roadmap-overview.md","","DOCUMENTATION"
"A","docs/product-roadmap-v3/02-cycle-01-authenticated-runtime-qa.md","","DOCUMENTATION"
"A","docs/product-roadmap-v3/03-cycle-02-finance-workflow-reliability.md","","DOCUMENTATION"
"A","docs/product-roadmap-v3/04-cycle-03-dashboard-decision-usefulness.md","","DOCUMENTATION"
"A","docs/product-roadmap-v3/05-cycle-04-student-experience-continuity.md","","DOCUMENTATION"
"A","docs/product-roadmap-v3/06-cycle-05-operational-observability-admin.md","","DOCUMENTATION"
"A","docs/product-roadmap-v3/07-cycle-06-performance-final-hardening.md","","DOCUMENTATION"
"A","docs/product-roadmap-v3/08-roadmap-v3-closeout.md","","DOCUMENTATION"
"A","docs/supabase-production-sync/01-local-remote-migration-audit.md","","DOCUMENTATION"
"A","docs/supabase-production-sync/02-schema-equivalence-audit.md","","DOCUMENTATION"
"A","docs/supabase-production-sync/03-reconciliation-plan.md","","DOCUMENTATION"
"A","docs/supabase-production-sync/04-reconciliation-evidence-review.md","","DOCUMENTATION"
"A","docs/supabase-production-sync/05-reconciliation-design.md","","DOCUMENTATION"
"A","docs/supabase-production-sync/06-security-reconciliation-implementation.md","","DOCUMENTATION"
"A","docs/supabase-production-sync/07-security-reconciliation-validation.md","","DOCUMENTATION"
"A","docs/supabase-production-sync/08-security-reconciliation-precommit-audit.md","","DOCUMENTATION"
"A","docs/supabase-production-sync/09-constraint-nullability-reconciliation-implementation.md","","DOCUMENTATION"
"A","docs/supabase-production-sync/10-constraint-nullability-reconciliation-validation.md","","DOCUMENTATION"
"A","docs/supabase-production-sync/11-function-reconciliation-audit.md","","DOCUMENTATION"
"A","docs/supabase-production-sync/12-function-scope-manual-review.md","","DOCUMENTATION"
"A","docs/supabase-production-sync/13-function-reconciliation-evidence-review.md","","DOCUMENTATION"
"A","docs/supabase-production-sync/14-function-security-reconciliation-implementation.md","","DOCUMENTATION"
"A","docs/supabase-production-sync/15-group-a-function-evidence-collection.md","","DOCUMENTATION"
"A","docs/supabase-production-sync/16-group-a-security-reconciliation-implementation.md","","DOCUMENTATION"
"A","docs/supabase-production-sync/17-group-a-security-reconciliation-validation.md","","DOCUMENTATION"
"A","docs/supabase-production-sync/18-post-phase34-global-reconciliation-audit.md","","DOCUMENTATION"
"A","docs/supabase-production-sync/19-final-security-drift-resolution.md","","DOCUMENTATION"
"A","docs/supabase-production-sync/20-workout-delivery-final-reconciliation.md","","DOCUMENTATION"
"A","docs/supabase-production-sync/21-student-identity-deployment-design.md","","DOCUMENTATION"
"A","docs/supabase-production-sync/22-production-reconciliation-package-design.md","","DOCUMENTATION"
"A","docs/supabase-production-sync/23-production-cutover-review.md","","DOCUMENTATION"
"A","docs/supabase-production-sync/24-production-cutover-authorization-review.md","","DOCUMENTATION"
"A","docs/supabase-production-sync/25-cutover-backup-preparation.md","","DOCUMENTATION"
"A","docs/supabase-production-sync/26-cutover-backup-verification.md","","DOCUMENTATION"
"A","docs/supabase-production-sync/27-step01-workout-delivery-precheck.md","","DOCUMENTATION"
"A","docs/supabase-production-sync/28-step01-workout-delivery-final-authorization-review.md","","DOCUMENTATION"
"A","docs/supabase-production-sync/29-step01-workout-delivery-executable-smoke.md","","DOCUMENTATION"
"A","docs/supabase-production-sync/29-step01-workout-delivery-production-apply.md","","DOCUMENTATION"
"A","docs/supabase-production-sync/30-step02-student-identity-precheck.md","","DOCUMENTATION"
"A","docs/supabase-production-sync/31-step02-student-identity-production-apply.md","","DOCUMENTATION"
"A","docs/supabase-production-sync/32-step03-security-precheck.md","","DOCUMENTATION"
"A","docs/supabase-production-sync/33-step03-security-production-apply.md","","DOCUMENTATION"
"A","docs/supabase-production-sync/34-step04-required-fields-precheck.md","","DOCUMENTATION"
"A","docs/supabase-production-sync/35-step04-required-fields-production-apply.md","","DOCUMENTATION"
"A","docs/supabase-production-sync/36-step05-aoe-security-precheck.md","","DOCUMENTATION"
"A","docs/supabase-production-sync/37-step05-aoe-security-production-apply.md","","DOCUMENTATION"
"A","docs/supabase-production-sync/38-step06-group-a-security-precheck.md","","DOCUMENTATION"
"A","docs/supabase-production-sync/39-step06-group-a-security-production-apply.md","","DOCUMENTATION"
"A","docs/supabase-production-sync/40-production-migration-history-alignment-discovery.md","","DOCUMENTATION"
"A","docs/supabase-production-sync/41-production-migration-history-alignment-plan.md","","DOCUMENTATION"
"A","docs/supabase-production-sync/42-migration-repair-bootstrap-validation.md","","DOCUMENTATION"
"A","docs/supabase-production-sync/43-production-migration-history-alignment-apply.md","","DOCUMENTATION"
"A","docs/supabase-production-sync/44-post-alignment-validation.md","","DOCUMENTATION"
"A","docs/supabase-production-sync/45-reference-only-baseline-separation.md","","DOCUMENTATION"
"A","docs/supabase-production-sync/46-db-push-dry-run-final.md","","DOCUMENTATION"
"A","docs/supabase-production-sync/47-final-ci-cd-review-and-closeout.md","","DOCUMENTATION"
"A","docs/workout-delivery-integration-v1/01-current-state-audit.md","","DOCUMENTATION"
"A","docs/workout-delivery-integration-v1/02-data-and-authorization-audit.md","","DOCUMENTATION"
"A","docs/workout-delivery-integration-v1/03-functional-contract.md","","DOCUMENTATION"
"A","docs/workout-delivery-integration-v1/04-implementation-plan.md","","DOCUMENTATION"
"A","docs/workout-delivery-integration-v1/05-risk-register.md","","DOCUMENTATION"
"A","docs/workout-delivery-integration-v1/06-data-and-authorization-implementation.md","","DOCUMENTATION"
"A","docs/workout-delivery-integration-v1/07-data-and-authorization-validation.md","","DOCUMENTATION"
"A","docs/workout-delivery-integration-v1/08-service-integration.md","","DOCUMENTATION"
"A","docs/workout-delivery-integration-v1/10-professional-ui-implementation.md","","DOCUMENTATION"
"A","docs/workout-delivery-integration-v1/11-professional-ui-validation.md","","DOCUMENTATION"
"A","docs/workout-delivery-integration-v1/12-student-experience-audit.md","","DOCUMENTATION"
"A","docs/workout-delivery-integration-v1/13-student-experience-implementation.md","","DOCUMENTATION"
"A","docs/workout-delivery-integration-v1/14-student-experience-validation.md","","DOCUMENTATION"
"A","docs/workout-delivery-integration-v1/15-student-identity-contract.md","","DOCUMENTATION"
"A","docs/workout-delivery-integration-v1/16-student-identity-implementation.md","","DOCUMENTATION"
"A","docs/workout-delivery-integration-v1/17-student-identity-validation.md","","DOCUMENTATION"
"M","package.json","","PACKAGE_METADATA"
"A","reports/product-audit-v2/cycle-01-result.json","","REPORTS"
"A","reports/product-audit-v2/cycle-01-summary.md","","REPORTS"
"A","reports/product-audit-v2/cycle-02-mobile-matrix.csv","","REPORTS"
"A","reports/product-audit-v2/cycle-02-result.json","","REPORTS"
"A","reports/product-audit-v2/cycle-02-summary.md","","REPORTS"
"A","reports/product-audit-v2/cycle-03-empty-state-matrix.csv","","REPORTS"
"A","reports/product-audit-v2/cycle-03-modal-matrix.csv","","REPORTS"
"A","reports/product-audit-v2/cycle-03-result.json","","REPORTS"
"A","reports/product-audit-v2/cycle-03-summary.md","","REPORTS"
"A","reports/product-audit-v2/cycle-04-action-feedback-matrix.csv","","REPORTS"
"A","reports/product-audit-v2/cycle-04-error-feedback-matrix.csv","","REPORTS"
"A","reports/product-audit-v2/cycle-04-result.json","","REPORTS"
"A","reports/product-audit-v2/cycle-04-student-context-matrix.csv","","REPORTS"
"A","reports/product-audit-v2/cycle-04-summary.md","","REPORTS"
"A","reports/product-audit-v2/final-closeout-result.json","","REPORTS"
"A","reports/product-audit-v2/final-closeout-summary.md","","REPORTS"
"A","reports/product-audit-v2/final-findings-matrix.csv","","REPORTS"
"A","reports/product-audit-v2/functional-audit-findings.csv","","REPORTS"
"A","reports/product-audit-v2/functional-audit-result.json","","REPORTS"
"A","reports/product-audit-v2/functional-audit-summary.md","","REPORTS"
"A","reports/product-roadmap-v3/cycle-01-runtime-qa-result.json","","REPORTS"
"A","reports/product-roadmap-v3/cycle-01-runtime-qa-summary.md","","REPORTS"
"A","reports/product-roadmap-v3/cycle-02-finance-workflow-matrix.csv","","REPORTS"
"A","reports/product-roadmap-v3/cycle-02-finance-workflow-result.json","","REPORTS"
"A","reports/product-roadmap-v3/cycle-02-finance-workflow-summary.md","","REPORTS"
"A","reports/product-roadmap-v3/cycle-03-dashboard-matrix.csv","","REPORTS"
"A","reports/product-roadmap-v3/cycle-03-dashboard-result.json","","REPORTS"
"A","reports/product-roadmap-v3/cycle-03-dashboard-summary.md","","REPORTS"
"A","reports/product-roadmap-v3/cycle-04-student-experience-matrix.csv","","REPORTS"
"A","reports/product-roadmap-v3/cycle-04-student-experience-result.json","","REPORTS"
"A","reports/product-roadmap-v3/cycle-04-student-experience-summary.md","","REPORTS"
"A","reports/product-roadmap-v3/cycle-05-observability-admin-matrix.csv","","REPORTS"
"A","reports/product-roadmap-v3/cycle-05-observability-admin-result.json","","REPORTS"
"A","reports/product-roadmap-v3/cycle-05-observability-admin-summary.md","","REPORTS"
"A","reports/product-roadmap-v3/cycle-06-performance-hardening-matrix.csv","","REPORTS"
"A","reports/product-roadmap-v3/cycle-06-performance-hardening-result.json","","REPORTS"
"A","reports/product-roadmap-v3/cycle-06-performance-hardening-summary.md","","REPORTS"
"A","reports/product-roadmap-v3/roadmap-summary.md","","REPORTS"
"A","reports/product-roadmap-v3/roadmap-v3-closeout-result.json","","REPORTS"
"A","reports/product-roadmap-v3/roadmap-v3-closeout-summary.md","","REPORTS"
"A","reports/product-roadmap-v3/roadmap.json","","REPORTS"
"M","reports/supabase-local-bootstrap/preflight-summary.json","","REPORTS"
"A","reports/supabase-production-sync/authenticated-table-grant-precommit-review.csv","","REPORTS"
"A","reports/supabase-production-sync/constraint-nullability-result.json","","REPORTS"
"A","reports/supabase-production-sync/constraint-nullability-scope.json","","REPORTS"
"A","reports/supabase-production-sync/constraint-nullability-scope.md","","REPORTS"
"A","reports/supabase-production-sync/constraint-nullability-summary.md","","REPORTS"
"A","reports/supabase-production-sync/constraint-phase2-scope.csv","","REPORTS"
"A","reports/supabase-production-sync/cutover-backup-checklist.md","","REPORTS"
"A","reports/supabase-production-sync/cutover-backup-critical-data-inventory.json","","REPORTS"
"A","reports/supabase-production-sync/cutover-backup-critical-data-inventory.md","","REPORTS"
"A","reports/supabase-production-sync/cutover-backup-evidence-template.json","","REPORTS"
"A","reports/supabase-production-sync/cutover-backup-evidence-template.md","","REPORTS"
"A","reports/supabase-production-sync/cutover-backup-preparation-result.json","","REPORTS"
"A","reports/supabase-production-sync/cutover-backup-preparation-summary.md","","REPORTS"
"A","reports/supabase-production-sync/cutover-backup-verification-evidence.json","","REPORTS"
"A","reports/supabase-production-sync/cutover-backup-verification-evidence.md","","REPORTS"
"A","reports/supabase-production-sync/cutover-backup-verification-result.json","","REPORTS"
"A","reports/supabase-production-sync/cutover-backup-verification-summary.md","","REPORTS"
"A","reports/supabase-production-sync/cutover-restore-readiness.md","","REPORTS"
"A","reports/supabase-production-sync/db-push-dry-run-result.json","","REPORTS"
"A","reports/supabase-production-sync/db-push-dry-run-summary.md","","REPORTS"
"A","reports/supabase-production-sync/final-ci-cd-review-result.json","","REPORTS"
"A","reports/supabase-production-sync/final-ci-cd-review-summary.md","","REPORTS"
"A","reports/supabase-production-sync/final-security-drift-result.json","","REPORTS"
"A","reports/supabase-production-sync/final-security-drift-scope.json","","REPORTS"
"A","reports/supabase-production-sync/final-security-drift-summary.md","","REPORTS"
"A","reports/supabase-production-sync/function-configuration-review.json","","REPORTS"
"A","reports/supabase-production-sync/function-configuration-review.md","","REPORTS"
"A","reports/supabase-production-sync/function-difference-review.json","","REPORTS"
"A","reports/supabase-production-sync/function-difference-review.md","","REPORTS"
"A","reports/supabase-production-sync/function-grant-review.json","","REPORTS"
"A","reports/supabase-production-sync/function-grant-review.md","","REPORTS"
"A","reports/supabase-production-sync/function-grants-signature-inspection.sql","","REPORTS"
"A","reports/supabase-production-sync/function-phase3-scope.csv","","REPORTS"
"A","reports/supabase-production-sync/function-reconciliation-result.json","","REPORTS"
"A","reports/supabase-production-sync/function-reconciliation-scope.json","","REPORTS"
"A","reports/supabase-production-sync/function-reconciliation-scope.md","","REPORTS"
"A","reports/supabase-production-sync/function-reconciliation-summary.md","","REPORTS"
"A","reports/supabase-production-sync/function-scope-review-result.json","","REPORTS"
"A","reports/supabase-production-sync/function-scope-review-summary.md","","REPORTS"
"A","reports/supabase-production-sync/future-migration-plan.json","","REPORTS"
"A","reports/supabase-production-sync/future-migration-plan.md","","REPORTS"
"A","reports/supabase-production-sync/local-only-object-review.csv","","REPORTS"
"A","reports/supabase-production-sync/local-schema-catalog/columns.json","","REPORTS"
"A","reports/supabase-production-sync/local-schema-catalog/constraints.json","","REPORTS"
"A","reports/supabase-production-sync/local-schema-catalog/function-grants.json","","REPORTS"
"A","reports/supabase-production-sync/local-schema-catalog/functions.json","","REPORTS"
"A","reports/supabase-production-sync/local-schema-catalog/indexes.json","","REPORTS"
"A","reports/supabase-production-sync/local-schema-catalog/policies.json","","REPORTS"
"A","reports/supabase-production-sync/local-schema-catalog/rls.json","","REPORTS"
"A","reports/supabase-production-sync/local-schema-catalog/table-grants.json","","REPORTS"
"A","reports/supabase-production-sync/local-schema-catalog/tables.json","","REPORTS"
"A","reports/supabase-production-sync/migration-history-alignment-apply-result.json","","REPORTS"
"A","reports/supabase-production-sync/migration-history-alignment-apply-summary.md","","REPORTS"
"A","reports/supabase-production-sync/migration-history-alignment-discovery-result.json","","REPORTS"
"A","reports/supabase-production-sync/migration-history-alignment-discovery-summary.md","","REPORTS"
"A","reports/supabase-production-sync/migration-history-alignment-final-matrix.csv","","REPORTS"
"A","reports/supabase-production-sync/migration-history-alignment-matrix.csv","","REPORTS"
"A","reports/supabase-production-sync/migration-history-alignment-plan-result.json","","REPORTS"
"A","reports/supabase-production-sync/migration-history-alignment-plan-summary.md","","REPORTS"
"A","reports/supabase-production-sync/migration-history-alignment-repair-plan.csv","","REPORTS"
"A","reports/supabase-production-sync/migration-repair-bootstrap-validation-result.json","","REPORTS"
"A","reports/supabase-production-sync/migration-repair-bootstrap-validation-summary.md","","REPORTS"
"A","reports/supabase-production-sync/nullability-phase2-scope.csv","","REPORTS"
"A","reports/supabase-production-sync/nullability-profile-review.json","","REPORTS"
"A","reports/supabase-production-sync/nullability-profile-review.md","","REPORTS"
"A","reports/supabase-production-sync/phase3-function-dependency-graph.json","","REPORTS"
"A","reports/supabase-production-sync/phase3-function-inventory.csv","","REPORTS"
"A","reports/supabase-production-sync/phase3-function-inventory.json","","REPORTS"
"A","reports/supabase-production-sync/phase31-function-decision-matrix.csv","","REPORTS"
"A","reports/supabase-production-sync/phase31-function-definitions-readonly.sql","","REPORTS"
"A","reports/supabase-production-sync/phase32-admin-function-review.json","","REPORTS"
"A","reports/supabase-production-sync/phase32-admin-function-review.md","","REPORTS"
"A","reports/supabase-production-sync/phase32-financial-function-review.json","","REPORTS"
"A","reports/supabase-production-sync/phase32-financial-function-review.md","","REPORTS"
"A","reports/supabase-production-sync/phase32-function-comparison.csv","","REPORTS"
"A","reports/supabase-production-sync/phase32-function-dependency-graph.json","","REPORTS"
"A","reports/supabase-production-sync/phase32-function-evidence-result.json","","REPORTS"
"A","reports/supabase-production-sync/phase32-function-evidence-summary.md","","REPORTS"
"A","reports/supabase-production-sync/phase32-overload-review.json","","REPORTS"
"A","reports/supabase-production-sync/phase32-overload-review.md","","REPORTS"
"A","reports/supabase-production-sync/phase32-security-function-review.json","","REPORTS"
"A","reports/supabase-production-sync/phase32-security-function-review.md","","REPORTS"
"A","reports/supabase-production-sync/phase33-group-a-evidence-request.json","","REPORTS"
"A","reports/supabase-production-sync/phase33-group-a-evidence-request.md","","REPORTS"
"A","reports/supabase-production-sync/phase33-group-a-local-analysis.json","","REPORTS"
"A","reports/supabase-production-sync/phase33-group-a-local-analysis.md","","REPORTS"
"A","reports/supabase-production-sync/phase33-group-a-local-trigger-map.json","","REPORTS"
"A","reports/supabase-production-sync/phase33-group-a-local-trigger-map.md","","REPORTS"
"A","reports/supabase-production-sync/phase33-group-a-readonly-inspection.sql","","REPORTS"
"A","reports/supabase-production-sync/phase34-group-a-evidence-result.json","","REPORTS"
"A","reports/supabase-production-sync/phase34-group-a-evidence-summary.md","","REPORTS"
"A","reports/supabase-production-sync/phase34-group-a-security-result.json","","REPORTS"
"A","reports/supabase-production-sync/phase34-group-a-security-summary.md","","REPORTS"
"A","reports/supabase-production-sync/policy-security-review.json","","REPORTS"
"A","reports/supabase-production-sync/policy-security-review.md","","REPORTS"
"A","reports/supabase-production-sync/post-alignment-validation-result.json","","REPORTS"
"A","reports/supabase-production-sync/post-alignment-validation-summary.md","","REPORTS"
"A","reports/supabase-production-sync/post-phase34-global-result.json","","REPORTS"
"A","reports/supabase-production-sync/post-phase34-global-summary.md","","REPORTS"
"A","reports/supabase-production-sync/post-phase34-reconciliation-matrix.csv","","REPORTS"
"A","reports/supabase-production-sync/post-phase34-reconciliation-state.json","","REPORTS"
"A","reports/supabase-production-sync/post-phase34-reconciliation-state.md","","REPORTS"
"A","reports/supabase-production-sync/post-phase34-resolved-active-matrix.csv","","REPORTS"
"A","reports/supabase-production-sync/production-cutover-authorization-result.json","","REPORTS"
"A","reports/supabase-production-sync/production-cutover-authorization-summary.md","","REPORTS"
"A","reports/supabase-production-sync/production-cutover-execution-checklist.md","","REPORTS"
"A","reports/supabase-production-sync/production-cutover-postchecks.sql","","REPORTS"
"A","reports/supabase-production-sync/production-cutover-prechecks.sql","","REPORTS"
"A","reports/supabase-production-sync/production-cutover-recovery-plan.md","","REPORTS"
"A","reports/supabase-production-sync/production-cutover-review-result.json","","REPORTS"
"A","reports/supabase-production-sync/production-cutover-review-summary.md","","REPORTS"
"A","reports/supabase-production-sync/production-cutover-sequence.json","","REPORTS"
"A","reports/supabase-production-sync/production-cutover-sequence.md","","REPORTS"
"A","reports/supabase-production-sync/production-cutover-smoke-test-plan.md","","REPORTS"
"A","reports/supabase-production-sync/production-cutover-source-traceability.json","","REPORTS"
"A","reports/supabase-production-sync/production-cutover-sql/01-workout-delivery-postcheck.sql","","REPORTS"
"A","reports/supabase-production-sync/production-cutover-sql/01-workout-delivery-precheck.sql","","REPORTS"
"A","reports/supabase-production-sync/production-cutover-sql/01-workout-delivery-recovery.md","","REPORTS"
"A","reports/supabase-production-sync/production-cutover-sql/01-workout-delivery-smoke.sql","","REPORTS"
"A","reports/supabase-production-sync/production-cutover-sql/01-workout-delivery.sql","","REPORTS"
"A","reports/supabase-production-sync/production-cutover-sql/02-student-identity-postcheck.sql","","REPORTS"
"A","reports/supabase-production-sync/production-cutover-sql/02-student-identity-precheck.sql","","REPORTS"
"A","reports/supabase-production-sync/production-cutover-sql/02-student-identity-recovery.md","","REPORTS"
"A","reports/supabase-production-sync/production-cutover-sql/02-student-identity.sql","","REPORTS"
"A","reports/supabase-production-sync/production-cutover-sql/03-security-reconciliation-postcheck.sql","","REPORTS"
"A","reports/supabase-production-sync/production-cutover-sql/03-security-reconciliation-precheck.sql","","REPORTS"
"A","reports/supabase-production-sync/production-cutover-sql/03-security-reconciliation-recovery.md","","REPORTS"
"A","reports/supabase-production-sync/production-cutover-sql/03-security-reconciliation.sql","","REPORTS"
"A","reports/supabase-production-sync/production-cutover-sql/04-required-fields-postcheck.sql","","REPORTS"
"A","reports/supabase-production-sync/production-cutover-sql/04-required-fields-precheck.sql","","REPORTS"
"A","reports/supabase-production-sync/production-cutover-sql/04-required-fields-recovery.md","","REPORTS"
"A","reports/supabase-production-sync/production-cutover-sql/04-required-fields.sql","","REPORTS"
"A","reports/supabase-production-sync/production-cutover-sql/05-aoe-security-postcheck.sql","","REPORTS"
"A","reports/supabase-production-sync/production-cutover-sql/05-aoe-security-precheck.sql","","REPORTS"
"A","reports/supabase-production-sync/production-cutover-sql/05-aoe-security-recovery.md","","REPORTS"
"A","reports/supabase-production-sync/production-cutover-sql/05-aoe-security.sql","","REPORTS"
"A","reports/supabase-production-sync/production-cutover-sql/06-group-a-security-postcheck.sql","","REPORTS"
"A","reports/supabase-production-sync/production-cutover-sql/06-group-a-security-precheck.sql","","REPORTS"
"A","reports/supabase-production-sync/production-cutover-sql/06-group-a-security-recovery.md","","REPORTS"
"A","reports/supabase-production-sync/production-cutover-sql/06-group-a-security.sql","","REPORTS"
"A","reports/supabase-production-sync/production-cutover-sql/README.md","","REPORTS"
"A","reports/supabase-production-sync/production-cutover-sql/manifest.json","","REPORTS"
"A","reports/supabase-production-sync/production-cutover-workout-object-review.json","","REPORTS"
"A","reports/supabase-production-sync/production-cutover-workout-object-review.md","","REPORTS"
"A","reports/supabase-production-sync/production-package-dependency-graph.json","","REPORTS"
"A","reports/supabase-production-sync/production-package-migration-inventory.json","","REPORTS"
"A","reports/supabase-production-sync/production-package-migration-inventory.md","","REPORTS"
"A","reports/supabase-production-sync/production-reconciliation-package-matrix.csv","","REPORTS"
"A","reports/supabase-production-sync/production-reconciliation-package-result.json","","REPORTS"
"A","reports/supabase-production-sync/production-reconciliation-package-summary.md","","REPORTS"
"A","reports/supabase-production-sync/reconciliation-design-matrix.csv","","REPORTS"
"A","reports/supabase-production-sync/reconciliation-design-result.json","","REPORTS"
"A","reports/supabase-production-sync/reconciliation-design-summary.md","","REPORTS"
"A","reports/supabase-production-sync/reconciliation-evidence-result.json","","REPORTS"
"A","reports/supabase-production-sync/reconciliation-evidence-summary.md","","REPORTS"
"A","reports/supabase-production-sync/reconciliation-readonly-inspection.sql","","REPORTS"
"A","reports/supabase-production-sync/remote-nullability-profile.sql","","REPORTS"
"A","reports/supabase-production-sync/remote-only-object-review.csv","","REPORTS"
"A","reports/supabase-production-sync/remote-schema-readonly-inspection.sql","","REPORTS"
"A","reports/supabase-production-sync/result.json","","REPORTS"
"A","reports/supabase-production-sync/schema-critical-review.csv","","REPORTS"
"A","reports/supabase-production-sync/schema-equivalence-matrix.csv","","REPORTS"
"A","reports/supabase-production-sync/schema-equivalence-result.json","","REPORTS"
"A","reports/supabase-production-sync/schema-equivalence-summary.md","","REPORTS"
"A","reports/supabase-production-sync/security-policy-precommit-review.csv","","REPORTS"
"A","reports/supabase-production-sync/security-precommit-audit-result.json","","REPORTS"
"A","reports/supabase-production-sync/security-precommit-audit-summary.md","","REPORTS"
"A","reports/supabase-production-sync/security-precommit-inventory.json","","REPORTS"
"A","reports/supabase-production-sync/security-reconciliation-result.json","","REPORTS"
"A","reports/supabase-production-sync/security-reconciliation-scope.json","","REPORTS"
"A","reports/supabase-production-sync/security-reconciliation-scope.md","","REPORTS"
"A","reports/supabase-production-sync/security-reconciliation-summary.md","","REPORTS"
"A","reports/supabase-production-sync/step01-final-authorization-matrix.csv","","REPORTS"
"A","reports/supabase-production-sync/step01-final-authorization-result.json","","REPORTS"
"A","reports/supabase-production-sync/step01-final-authorization-summary.md","","REPORTS"
"A","reports/supabase-production-sync/step01-smoke-preparation-result.json","","REPORTS"
"A","reports/supabase-production-sync/step01-smoke-preparation-summary.md","","REPORTS"
"A","reports/supabase-production-sync/step01-workout-delivery-apply-result.json","","REPORTS"
"A","reports/supabase-production-sync/step01-workout-delivery-apply-summary.md","","REPORTS"
"A","reports/supabase-production-sync/step01-workout-delivery-precheck-evidence.json","","REPORTS"
"A","reports/supabase-production-sync/step01-workout-delivery-precheck-result.json","","REPORTS"
"A","reports/supabase-production-sync/step01-workout-delivery-precheck-summary.md","","REPORTS"
"A","reports/supabase-production-sync/step02-student-identity-apply-result.json","","REPORTS"
"A","reports/supabase-production-sync/step02-student-identity-apply-summary.md","","REPORTS"
"A","reports/supabase-production-sync/step02-student-identity-precheck-result.json","","REPORTS"
"A","reports/supabase-production-sync/step02-student-identity-precheck-summary.md","","REPORTS"
"A","reports/supabase-production-sync/step03-security-apply-result.json","","REPORTS"
"A","reports/supabase-production-sync/step03-security-apply-summary.md","","REPORTS"
"A","reports/supabase-production-sync/step03-security-precheck-result.json","","REPORTS"
"A","reports/supabase-production-sync/step03-security-precheck-summary.md","","REPORTS"
"A","reports/supabase-production-sync/step04-required-fields-apply-result.json","","REPORTS"
"A","reports/supabase-production-sync/step04-required-fields-apply-summary.md","","REPORTS"
"A","reports/supabase-production-sync/step04-required-fields-precheck-result.json","","REPORTS"
"A","reports/supabase-production-sync/step04-required-fields-precheck-summary.md","","REPORTS"
"A","reports/supabase-production-sync/step05-aoe-security-apply-result.json","","REPORTS"
"A","reports/supabase-production-sync/step05-aoe-security-apply-summary.md","","REPORTS"
"A","reports/supabase-production-sync/step05-aoe-security-precheck-result.json","","REPORTS"
"A","reports/supabase-production-sync/step05-aoe-security-precheck-summary.md","","REPORTS"
"A","reports/supabase-production-sync/step06-group-a-security-apply-result.json","","REPORTS"
"A","reports/supabase-production-sync/step06-group-a-security-apply-summary.md","","REPORTS"
"A","reports/supabase-production-sync/step06-group-a-security-precheck-result.json","","REPORTS"
"A","reports/supabase-production-sync/step06-group-a-security-precheck-summary.md","","REPORTS"
"A","reports/supabase-production-sync/student-identity-deployment-design-result.json","","REPORTS"
"A","reports/supabase-production-sync/student-identity-deployment-design-summary.md","","REPORTS"
"A","reports/supabase-production-sync/student-identity-final-reconciliation-matrix.csv","","REPORTS"
"A","reports/supabase-production-sync/student-identity-final-scope.json","","REPORTS"
"A","reports/supabase-production-sync/student-identity-final-scope.md","","REPORTS"
"A","reports/supabase-production-sync/student-identity-object-inventory.json","","REPORTS"
"A","reports/supabase-production-sync/student-identity-object-inventory.md","","REPORTS"
"A","reports/supabase-production-sync/student-identity-production-gap.json","","REPORTS"
"A","reports/supabase-production-sync/student-identity-production-gap.md","","REPORTS"
"A","reports/supabase-production-sync/summary.md","","REPORTS"
"A","reports/supabase-production-sync/table-grant-catalog-delta.json","","REPORTS"
"A","reports/supabase-production-sync/table-grant-review.json","","REPORTS"
"A","reports/supabase-production-sync/table-grant-review.md","","REPORTS"
"A","reports/supabase-production-sync/workout-delivery-final-reconciliation-matrix.csv","","REPORTS"
"A","reports/supabase-production-sync/workout-delivery-final-result.json","","REPORTS"
"A","reports/supabase-production-sync/workout-delivery-final-scope.json","","REPORTS"
"A","reports/supabase-production-sync/workout-delivery-final-scope.md","","REPORTS"
"A","reports/supabase-production-sync/workout-delivery-final-summary.md","","REPORTS"
"A","reports/supabase-production-sync/workout-delivery-object-inventory.json","","REPORTS"
"A","reports/supabase-production-sync/workout-delivery-object-inventory.md","","REPORTS"
"A","reports/supabase-production-sync/workout-delivery-reconciliation.json","","REPORTS"
"A","reports/supabase-production-sync/workout-delivery-reconciliation.md","","REPORTS"
"A","reports/workout-delivery-integration-v1/result.json","","REPORTS"
"A","reports/workout-delivery-integration-v1/service-integration-result.json","","REPORTS"
"A","reports/workout-delivery-integration-v1/service-integration.md","","REPORTS"
"A","reports/workout-delivery-integration-v1/summary.md","","REPORTS"
"A","scripts/__tests__/authenticated-runtime.test.mjs","","TESTS"
"A","scripts/analyze-supabase-cutover-backup-preparation.mjs","","QA_TOOLING"
"A","scripts/analyze-supabase-cutover-backup-preparation.test.mjs","","TESTS"
"A","scripts/analyze-supabase-cutover-backup-verification.mjs","","QA_TOOLING"
"A","scripts/analyze-supabase-cutover-backup-verification.test.mjs","","TESTS"
"A","scripts/analyze-supabase-db-push-dry-run.mjs","","QA_TOOLING"
"A","scripts/analyze-supabase-db-push-dry-run.test.mjs","","TESTS"
"A","scripts/analyze-supabase-final-ci-cd-review.mjs","","QA_TOOLING"
"A","scripts/analyze-supabase-final-ci-cd-review.test.mjs","","TESTS"
"A","scripts/analyze-supabase-final-security-drift.mjs","","QA_TOOLING"
"A","scripts/analyze-supabase-final-security-drift.test.mjs","","TESTS"
"A","scripts/analyze-supabase-function-reconciliation.mjs","","QA_TOOLING"
"A","scripts/analyze-supabase-function-scope-review.mjs","","QA_TOOLING"
"A","scripts/analyze-supabase-function-scope-review.test.mjs","","TESTS"
"A","scripts/analyze-supabase-migration-history-alignment-apply.mjs","","QA_TOOLING"
"A","scripts/analyze-supabase-migration-history-alignment-apply.test.mjs","","TESTS"
"A","scripts/analyze-supabase-migration-history-alignment-discovery.mjs","","QA_TOOLING"
"A","scripts/analyze-supabase-migration-history-alignment-discovery.test.mjs","","TESTS"
"A","scripts/analyze-supabase-migration-history-alignment-plan.mjs","","QA_TOOLING"
"A","scripts/analyze-supabase-migration-history-alignment-plan.test.mjs","","TESTS"
"A","scripts/analyze-supabase-migration-repair-bootstrap-validation.mjs","","QA_TOOLING"
"A","scripts/analyze-supabase-migration-repair-bootstrap-validation.test.mjs","","TESTS"
"A","scripts/analyze-supabase-phase32-function-evidence.mjs","","QA_TOOLING"
"A","scripts/analyze-supabase-phase32-function-evidence.test.mjs","","TESTS"
"A","scripts/analyze-supabase-post-alignment-validation.mjs","","QA_TOOLING"
"A","scripts/analyze-supabase-post-alignment-validation.test.mjs","","TESTS"
"A","scripts/analyze-supabase-post-phase34-global-state.mjs","","QA_TOOLING"
"A","scripts/analyze-supabase-post-phase34-global-state.test.mjs","","TESTS"
"A","scripts/analyze-supabase-production-cutover-authorization.mjs","","QA_TOOLING"
"A","scripts/analyze-supabase-production-cutover-authorization.test.mjs","","TESTS"
"A","scripts/analyze-supabase-production-reconciliation-package.mjs","","QA_TOOLING"
"A","scripts/analyze-supabase-production-reconciliation-package.test.mjs","","TESTS"
"A","scripts/analyze-supabase-reconciliation-evidence.mjs","","QA_TOOLING"
"A","scripts/analyze-supabase-reconciliation-evidence.test.mjs","","TESTS"
"A","scripts/analyze-supabase-step01-final-authorization.mjs","","QA_TOOLING"
"A","scripts/analyze-supabase-step01-final-authorization.test.mjs","","TESTS"
"A","scripts/analyze-supabase-step01-workout-delivery-apply.mjs","","QA_TOOLING"
"A","scripts/analyze-supabase-step01-workout-delivery-apply.test.mjs","","TESTS"
"A","scripts/analyze-supabase-step01-workout-delivery-precheck.mjs","","QA_TOOLING"
"A","scripts/analyze-supabase-step01-workout-delivery-precheck.test.mjs","","TESTS"
"A","scripts/analyze-supabase-step02-student-identity-apply.mjs","","QA_TOOLING"
"A","scripts/analyze-supabase-step02-student-identity-apply.test.mjs","","TESTS"
"A","scripts/analyze-supabase-step02-student-identity-precheck.mjs","","QA_TOOLING"
"A","scripts/analyze-supabase-step02-student-identity-precheck.test.mjs","","TESTS"
"A","scripts/analyze-supabase-step03-security-apply.mjs","","QA_TOOLING"
"A","scripts/analyze-supabase-step03-security-apply.test.mjs","","TESTS"
"A","scripts/analyze-supabase-step03-security-precheck.mjs","","QA_TOOLING"
"A","scripts/analyze-supabase-step03-security-precheck.test.mjs","","TESTS"
"A","scripts/analyze-supabase-step04-required-fields-apply.mjs","","QA_TOOLING"
"A","scripts/analyze-supabase-step04-required-fields-apply.test.mjs","","TESTS"
"A","scripts/analyze-supabase-step04-required-fields-precheck.mjs","","QA_TOOLING"
"A","scripts/analyze-supabase-step04-required-fields-precheck.test.mjs","","TESTS"
"A","scripts/analyze-supabase-step05-aoe-security-apply.mjs","","QA_TOOLING"
"A","scripts/analyze-supabase-step05-aoe-security-apply.test.mjs","","TESTS"
"A","scripts/analyze-supabase-step05-aoe-security-precheck.mjs","","QA_TOOLING"
"A","scripts/analyze-supabase-step05-aoe-security-precheck.test.mjs","","TESTS"
"A","scripts/analyze-supabase-step06-group-a-security-apply.mjs","","QA_TOOLING"
"A","scripts/analyze-supabase-step06-group-a-security-apply.test.mjs","","TESTS"
"A","scripts/analyze-supabase-step06-group-a-security-precheck.mjs","","QA_TOOLING"
"A","scripts/analyze-supabase-step06-group-a-security-precheck.test.mjs","","TESTS"
"A","scripts/analyze-supabase-student-identity-deployment-design.mjs","","QA_TOOLING"
"A","scripts/analyze-supabase-student-identity-deployment-design.test.mjs","","TESTS"
"A","scripts/analyze-supabase-workout-delivery-final-reconciliation.mjs","","QA_TOOLING"
"A","scripts/analyze-supabase-workout-delivery-final-reconciliation.test.mjs","","TESTS"
"A","scripts/generate-supabase-reconciliation-review.mjs","","QA_TOOLING"
"A","scripts/lib/authenticated-browser-state.js","","QA_TOOLING"
"A","scripts/lib/authenticated-runtime.js","","QA_TOOLING"
"M","scripts/supabase-local-preflight.ps1","","QA_TOOLING"
"A","scripts/validate-admin-observability.mjs","","QA_TOOLING"
"A","scripts/validate-authenticated-runtime-precheck.mjs","","QA_TOOLING"
"A","scripts/validate-contextual-error-feedback.mjs","","QA_TOOLING"
"A","scripts/validate-core-mobile-layout.mjs","","QA_TOOLING"
"A","scripts/validate-dashboard-decision-usefulness.mjs","","QA_TOOLING"
"A","scripts/validate-empty-states.mjs","","QA_TOOLING"
"M","scripts/validate-finance-modals-cdp.mjs","","QA_TOOLING"
"A","scripts/validate-finance-mutation-confirmations.mjs","","QA_TOOLING"
"A","scripts/validate-finance-workflow-reliability.mjs","","QA_TOOLING"
"A","scripts/validate-modal-accessibility-parity.mjs","","QA_TOOLING"
"A","scripts/validate-performance-hardening.mjs","","QA_TOOLING"
"M","scripts/validate-personal-workout-template-management.mjs","","QA_TOOLING"
"M","scripts/validate-renovacao-plano-mobile-cdp.mjs","","QA_TOOLING"
"A","scripts/validate-route-fallback.mjs","","QA_TOOLING"
"A","scripts/validate-student-account-linking.mjs","","QA_TOOLING"
"A","scripts/validate-student-context-consistency.mjs","","QA_TOOLING"
"A","scripts/validate-student-experience-continuity.mjs","","QA_TOOLING"
"A","scripts/validate-student-identity-contract.mjs","","QA_TOOLING"
"A","scripts/validate-student-identity-runtime.mjs","","QA_TOOLING"
"A","scripts/validate-student-workout-data-minimization.mjs","","QA_TOOLING"
"A","scripts/validate-student-workout-rls.mjs","","QA_TOOLING"
"A","scripts/validate-supabase-constraint-nullability-reconciliation.mjs","","QA_TOOLING"
"A","scripts/validate-supabase-constraint-nullability-reconciliation.test.mjs","","TESTS"
"A","scripts/validate-supabase-constraint-nullability-runtime.mjs","","QA_TOOLING"
"A","scripts/validate-supabase-phase32-security-runtime.mjs","","QA_TOOLING"
"A","scripts/validate-supabase-phase33-group-a-evidence.mjs","","QA_TOOLING"
"A","scripts/validate-supabase-phase33-group-a-evidence.test.mjs","","TESTS"
"A","scripts/validate-supabase-phase34-group-a-security-runtime.mjs","","QA_TOOLING"
"A","scripts/validate-supabase-phase34-group-a-security.mjs","","QA_TOOLING"
"A","scripts/validate-supabase-phase34-group-a-security.test.mjs","","TESTS"
"A","scripts/validate-supabase-production-cutover-review.mjs","","QA_TOOLING"
"A","scripts/validate-supabase-production-cutover-review.test.mjs","","TESTS"
"A","scripts/validate-supabase-readonly-inspection-sql.mjs","","QA_TOOLING"
"A","scripts/validate-supabase-reconciliation-design.mjs","","QA_TOOLING"
"A","scripts/validate-supabase-reconciliation-design.test.mjs","","TESTS"
"A","scripts/validate-supabase-remote-schema-equivalence.mjs","","QA_TOOLING"
"A","scripts/validate-supabase-remote-schema-equivalence.test.mjs","","TESTS"
"A","scripts/validate-supabase-security-reconciliation-runtime.mjs","","QA_TOOLING"
"A","scripts/validate-supabase-security-reconciliation.mjs","","QA_TOOLING"
"A","scripts/validate-supabase-security-reconciliation.test.mjs","","TESTS"
"A","scripts/validate-supabase-step01-workout-delivery-smoke.mjs","","QA_TOOLING"
"A","scripts/validate-supabase-step01-workout-delivery-smoke.test.mjs","","TESTS"
"A","scripts/validate-visible-suspense-fallbacks.mjs","","QA_TOOLING"
"A","scripts/validate-visible-ui-copy.mjs","","QA_TOOLING"
"A","scripts/validate-workout-delivery-accessibility.mjs","","QA_TOOLING"
"A","scripts/validate-workout-delivery-authorization.mjs","","QA_TOOLING"
"A","scripts/validate-workout-delivery-contract.mjs","","QA_TOOLING"
"A","scripts/validate-workout-delivery-data.mjs","","QA_TOOLING"
"A","scripts/validate-workout-delivery-feedback.mjs","","QA_TOOLING"
"A","scripts/validate-workout-delivery-idempotency.mjs","","QA_TOOLING"
"A","scripts/validate-workout-delivery-lifecycle.mjs","","QA_TOOLING"
"A","scripts/validate-workout-delivery-professional-ui.mjs","","QA_TOOLING"
"A","scripts/validate-workout-delivery-responsive-ui.mjs","","QA_TOOLING"
"A","scripts/validate-workout-delivery-service-integration.mjs","","QA_TOOLING"
"M","scripts/validate-workout-library-mobile-flow.mjs","","QA_TOOLING"
"M","scripts/validate-workout-template-discovery.mjs","","QA_TOOLING"
"M","scripts/validate-workout-template-guided-application.mjs","","QA_TOOLING"
"M","src/App.jsx","","PRODUCT_CODE"
"M","src/components/AccessibleModal.jsx","","PRODUCT_CODE"
"A","src/components/LoadingFallback.jsx","","PRODUCT_CODE"
"M","src/components/TreinoModal.jsx","","PRODUCT_CODE"
"M","src/features/alunos/components/AlunosEmptyState.jsx","","PRODUCT_CODE"
"M","src/features/alunos/components/AlunosList.jsx","","PRODUCT_CODE"
"M","src/features/alunos/components/AlunosTable.jsx","","PRODUCT_CODE"
"M","src/features/alunos/utils/alunosResumoOperacional.js","","PRODUCT_CODE"
"M","src/features/alunos/utils/alunosResumoOperacional.test.js","","PRODUCT_CODE"
"M","src/features/avaliacoes/components/AvaliacoesEmptyState.jsx","","PRODUCT_CODE"
"M","src/features/avaliacoes/components/AvaliacoesHeader.jsx","","PRODUCT_CODE"
"M","src/features/avaliacoes/components/AvaliacoesList.jsx","","PRODUCT_CODE"
"M","src/features/dashboard/components/DashboardCards.jsx","","PRODUCT_CODE"
"M","src/features/dashboard/components/DashboardPage.jsx","","PRODUCT_CODE"
"M","src/features/dashboard/hooks/useDashboardPage.js","","PRODUCT_CODE"
"M","src/features/dashboard/hooks/useDashboardPage.test.js","","PRODUCT_CODE"
"M","src/features/dashboard/utils/dashboardInsights.js","","PRODUCT_CODE"
"M","src/features/financeiro/components/FinanceiroList.jsx","","PRODUCT_CODE"
"M","src/features/financeiro/components/FinanceiroModals.jsx","","PRODUCT_CODE"
"M","src/features/financeiro/components/financeiroListStyles.js","","PRODUCT_CODE"
"M","src/features/financeiro/components/modals/ModalBase.jsx","","PRODUCT_CODE"
"M","src/features/financeiro/components/modals/RenovacaoPlanoModal.jsx","","PRODUCT_CODE"
"M","src/features/financeiro/hooks/useFinanceiroPage.js","","PRODUCT_CODE"
"M","src/features/treinos/components/TreinoDetalhesModal.jsx","","PRODUCT_CODE"
"M","src/features/treinos/components/TreinoTemplatesModal.jsx","","PRODUCT_CODE"
"M","src/features/treinos/components/TreinosCards.jsx","","PRODUCT_CODE"
"M","src/features/treinos/components/TreinosFilters.jsx","","PRODUCT_CODE"
"M","src/features/treinos/components/TreinosList.jsx","","PRODUCT_CODE"
"A","src/features/treinos/components/WorkoutLifecycleActions.jsx","","PRODUCT_CODE"
"A","src/features/treinos/components/WorkoutLifecycleBadge.jsx","","PRODUCT_CODE"
"A","src/features/treinos/components/WorkoutLifecycleConfirmationModal.jsx","","PRODUCT_CODE"
"A","src/features/treinos/components/WorkoutOriginLabel.jsx","","PRODUCT_CODE"
"M","src/features/treinos/hooks/useTreinosPage.js","","PRODUCT_CODE"
"M","src/features/treinos/utils/personalWorkoutTemplateManagement.js","","PRODUCT_CODE"
"M","src/features/treinos/utils/personalWorkoutTemplateManagement.test.js","","PRODUCT_CODE"
"M","src/features/treinos/utils/treinosErrorState.js","","PRODUCT_CODE"
"M","src/features/treinos/utils/treinosErrorState.test.js","","PRODUCT_CODE"
"M","src/features/treinos/utils/workoutDataContract.js","","PRODUCT_CODE"
"M","src/features/treinos/utils/workoutDataContract.test.js","","PRODUCT_CODE"
"A","src/features/treinos/utils/workoutLifecycleFeedback.js","","PRODUCT_CODE"
"A","src/features/treinos/utils/workoutLifecyclePresentation.js","","PRODUCT_CODE"
"A","src/features/treinos/utils/workoutLifecyclePresentation.test.js","","PRODUCT_CODE"
"M","src/features/treinos/utils/workoutTemplateApplication.js","","PRODUCT_CODE"
"M","src/features/treinos/utils/workoutTemplateApplication.test.js","","PRODUCT_CODE"
"M","src/index.css","","PRODUCT_CODE"
"M","src/pages/AdminLogs.jsx","","PRODUCT_CODE"
"M","src/pages/AdminUsuarios.jsx","","PRODUCT_CODE"
"A","src/pages/NotFound.jsx","","PRODUCT_CODE"
"M","src/pages/Planos.jsx","","PRODUCT_CODE"
"M","src/services/avaliacoesFotosService.js","","PRODUCT_CODE"
"M","src/services/treinosService.js","","PRODUCT_CODE"
"A","src/utils/contextualErrorFeedback.js","","PRODUCT_CODE"
"A","src/utils/modalAccessibility.js","","PRODUCT_CODE"
"M","supabase/README.md","","SUPABASE_CONFIG"
"M","supabase/baseline-src/02-tables.sql","","SUPABASE_CONFIG"
"M","supabase/baseline-src/03-constraints.sql","","SUPABASE_CONFIG"
"M","supabase/baseline-src/04-indexes.sql","","SUPABASE_CONFIG"
"M","supabase/baseline-src/05-functions.sql","","SUPABASE_CONFIG"
"M","supabase/baseline-src/08-policies.sql","","SUPABASE_CONFIG"
"M","supabase/baseline-src/09-grants.sql","","SUPABASE_CONFIG"
"A","supabase/migrations/20260728030000_workout_delivery_integration_v1.sql","","SUPABASE_MIGRATIONS"
"A","supabase/migrations/20260730090000_student_identity_contract.sql","","SUPABASE_MIGRATIONS"
"A","supabase/migrations/20260731190000_reconcile_security_policies_and_grants.sql","","SUPABASE_MIGRATIONS"
"A","supabase/migrations/20260801143335_reconcile_alunos_required_fields.sql","","SUPABASE_MIGRATIONS"
"A","supabase/migrations/20260801173000_revoke_aoe_idempotency_anon_execute.sql","","SUPABASE_MIGRATIONS"
"A","supabase/migrations/20260801180000_harden_workout_templates_updated_at.sql","","SUPABASE_MIGRATIONS"
"M","supabase/migrations/README.md","","SUPABASE_CONFIG"
"R100","supabase/reference-baselines/20260716090000_baseline_aruka_v1.sql","supabase/migrations/20260716090000_baseline_aruka_v1.sql","SUPABASE_REFERENCE_BASELINES"
"A","supabase/reference-baselines/README.md","","SUPABASE_CONFIG"
