phase,phase_name,object_type,evidence_summary,future_action_type,risk_classification,financial_impact,approval_required,rollback_concept,executable_sql_present
0,evidence_freeze,approval_gate,"Preserve current read-only evidence, linked=false status, and backup requirement.",KEEP,NONE,NO_DIRECT_FINANCIAL_IMPACT_IDENTIFIED,Owner approval before drafting SQL.,Rollback requires verified production backup and no repository mutation.,false
1,security_policies,rls_policy,48 remote-more-permissive policies require least-privilege review.,MANUAL_DECISION,SECURITY_DRIFT,FINANCIAL_OR_CONTRACT_IMPACT_REQUIRES_APPROVAL,Security and product owner approval.,Rollback policy must restore the exact previous production policy definitions.,false
2,function_and_table_grants,grant,"Signature-aware grant evidence available; platform-managed service_role entries are role evidence, not secrets.",REVOKE_OR_GRANT_AFTER_APPROVAL,ACCESS_DRIFT,FINANCIAL_OR_CONTRACT_IMPACT_REQUIRES_APPROVAL,Security approval for anon/public/authenticated changes.,Rollback grant map must restore prior grantee/privilege pairs.,false
3,constraints_and_nullability,table_contract,Nullability profile complete for 10 alunos columns and current data has zero nulls in all received rows.,ALTER_AFTER_CONTRACT_APPROVAL,DATA_CONTRACT_DRIFT,FINANCIAL_OR_CONTRACT_IMPACT_REQUIRES_APPROVAL,Product and finance approval for contract columns.,Rollback requires reversible constraint plan and pre-change data snapshot.,false
4,function_definitions,routine,Function body/configuration differences require controlled replacement after security search_path review.,REPLACE_AFTER_APPROVAL,BUSINESS_LOGIC_DRIFT,FINANCIAL_OR_CONTRACT_IMPACT_REQUIRES_APPROVAL,Engineering and security approval.,Rollback function definitions must be captured from production before replacement.,false
5,workout_delivery_contract,feature_contract,Workout delivery objects remain blocked by remote drift and must converge before new student-facing delivery changes.,MERGE_AFTER_SCHEMA_CONVERGES,FEATURE_CONTRACT_DRIFT,FINANCIAL_OR_CONTRACT_IMPACT_REQUIRES_APPROVAL,Product approval for delivery state changes.,"Rollback restores previous delivery functions, policies and grants together.",false
6,student_identity_contract,future_migration,Student identity migration remains local-only and must be applied only after prerequisite reconciliation phases.,APPLY_AFTER_PREREQUISITES,LOCAL_ONLY_EXPECTED,NO_DIRECT_FINANCIAL_IMPACT_IDENTIFIED,Engineering approval after phases 1-5 pass.,Rollback disables student linkage surfaces before reverting database contract.,false
7,post_reconciliation_validation,quality_gate,"Run schema equivalence, reconciliation evidence, design QA, student identity QAs, lint and build.",VALIDATE,QUALITY_GATE,NO_DIRECT_FINANCIAL_IMPACT_IDENTIFIED,Technical lead approval.,Rollback triggered if any validation fails after a controlled change window.,false
8,migration_history_and_baseline,history,"Only after production and repository converge, create a new baseline or repair history record under explicit approval.",NEW_BASELINE_AFTER_CONVERGENCE,HISTORY_ALIGNMENT,NO_DIRECT_FINANCIAL_IMPACT_IDENTIFIED,Technical lead and repository owner approval.,Rollback concept is to keep the previous repository baseline until convergence is proven.,false
